penguin	Pingu	Penguin	Legendary	FFAA00	100	5	false	eyJ0ZXh0dXJlcyI6eyJTS0lOIjp7InVybCI6Imh0dHA6Ly90ZXh0dXJlcy5taW5lY3JhZnQubmV0L3RleHR1cmUvODkyMDM3ZmVlZGY0YzExZmFiOGU0MTc3YjVmNzYxZTc5ZDBmZmJlYzQ2ZmEwZWIxZGJlOTExM2JhZTEyZDViYyJ9fX0=	Treasure sense: chests, barrels and chest minecarts nearby that nobody has opened yet glow through walls for you, and the reach grows with the level.\nGlows chests within 24 blocks
blue_dragon	Blue Dragon	Blue Dragon	Legendary	FFAA00	73	2	false	eyJ0ZXh0dXJlcyI6eyJTS0lOIjp7InVybCI6Imh0dHA6Ly90ZXh0dXJlcy5taW5lY3JhZnQubmV0L3RleHR1cmUvOThmNjkyMDliMThhZjZkMDZkZjJkZmIzNmFmZTMyYzdhZDFjNmFmYjcxZDJjZDg4NWFjMWQyOGQyZDhmZTdiZCJ9fX0=	Mount flight and an enchant trail.\nFlight speed +16%
moon_fox	Luna	Moon Fox	Epic	FF55FF	58	4	false	eyJ0ZXh0dXJlcyI6eyJTS0lOIjp7InVybCI6Imh0dHA6Ly90ZXh0dXJlcy5taW5lY3JhZnQubmV0L3RleHR1cmUvZGRjZDBkYjhjYmU4ZjFlMGFiMWVjMGE5Mzg1ZmI5Mjg4ZGE4NGQzMjAyYzFjMzk3ZGE3NmVlMTAzNWU2MDhiMCJ9fX0=	Night vision and stealth.\n+29% sneak speed
phoenix	Phoenix	Phoenix	Mythical	AA00AA	88	3	false	eyJ0ZXh0dXJlcyI6eyJTS0lOIjp7InVybCI6Imh0dHA6Ly90ZXh0dXJlcy5taW5lY3JhZnQubmV0L3RleHR1cmUvMjNhYWY3YjFhNzc4OTQ5Njk2Y2I5OWQ0ZjA0YWQxYWE1MThjZWVlMjU2YzcyZTVlZDY1YmZhNWMyZDg4ZDllIn19fQ==	Revives you once.\n9h revive cooldown
cat	Cat	Cat	Common	55FF55	12	0	false	eyJ0ZXh0dXJlcyI6eyJTS0lOIjp7InVybCI6Imh0dHA6Ly90ZXh0dXJlcy5taW5lY3JhZnQubmV0L3RleHR1cmUvZWUwMDNjMzVhZGEzMGM2MGFhNzgyNjQzNzE0YjU0N2U0NzRhNjcwYmE0MjcwNzEyMjFlNzE0NTA3NWQwODQ3MCJ9fX0=	Fall damage reduction.\n-12% fall damage
dog	Rex	Dog	Common	55FF55	30	1	false	eyJ0ZXh0dXJlcyI6eyJTS0lOIjp7InVybCI6Imh0dHA6Ly90ZXh0dXJlcy5taW5lY3JhZnQubmV0L3RleHR1cmUvNDIxMDVjOWUzZDY2OWFjZGJhNDhhOTJmOTYwNDdkMjc3YjhkMzVkOWNmYmViN2EzZTZhOGVjNmJhNTIxMzEwNCJ9fX0=	Withers undead on hit.\n30% wither chance
axolotl	Axolotl	Axolotl	Rare	5555FF	55	0	false	eyJ0ZXh0dXJlcyI6eyJTS0lOIjp7InVybCI6Imh0dHA6Ly90ZXh0dXJlcy5taW5lY3JhZnQubmV0L3RleHR1cmUvOGMzYzdkNmYwMmU4NmMzY2ZiMTA2MmJkZjU0ZmVmMjM4ODc5MmFiY2Y1NjQ4MGY4YmEwNmZlN2Y0ZDc0OWQ4ZCJ9fX0=	Water breathing and regeneration.\nRegeneration II in water
owl	Owl	Owl	Epic	FF55FF	64	0	false	eyJ0ZXh0dXJlcyI6eyJTS0lOIjp7InVybCI6Imh0dHA6Ly90ZXh0dXJlcy5taW5lY3JhZnQubmV0L3RleHR1cmUvZGEzMjE2ZGE1NGU3MzY4ZmI0MGI3MjEyMzlhZDk1ZTA3ZWY0Zjk3ZDkzZjFjNDJmZjMxOWJhYjlhNTM4ODJhZiJ9fX0=	Bonus experience.\n+32% experience
herobrine	Herobrine	Herobrine	Mythical	AA00AA	41	0	true	eyJ0ZXh0dXJlcyI6eyJTS0lOIjp7InVybCI6Imh0dHA6Ly90ZXh0dXJlcy5taW5lY3JhZnQubmV0L3RleHR1cmUvOGQwNzUwZWY5NDlkOGVjYjUzOWI2MDk4YTk2Y2Y0NmNlNDU3YjY1MjQ4MmQ0OWRlZWJjYWRkYmM0ODk3YjQzMyJ9fX0=	Fear aura.\nScares mobs within 8 blocks
tiger	Tiger	Tiger	Epic	FF55FF	47	0	false	eyJ0ZXh0dXJlcyI6eyJTS0lOIjp7InVybCI6Imh0dHA6Ly90ZXh0dXJlcy5taW5lY3JhZnQubmV0L3RleHR1cmUvMmM4YjQ3MGJlZDNjMDI3OTliZGFkN2E5MzJlYWQ4NjU4Njk4NmE0ODVjMDlhMjk2NzRmMTU5MWEwZWI5MzJmNyJ9fX0=	Attack damage.\n+9% attack damage
unicorn	Unicorn	Unicorn	Legendary	FFAA00	35	1	false	eyJ0ZXh0dXJlcyI6eyJTS0lOIjp7InVybCI6Imh0dHA6Ly90ZXh0dXJlcy5taW5lY3JhZnQubmV0L3RleHR1cmUvMWZmNGMwZjk2MzkyZDIzMzNmYjdkODJjYTI5YmVjNjI0ZDY3OTMxYzI2MTBlZGIzY2MxYzFjMGQwODhjZTQ4ZCJ9fX0=	Luck.\nLuck II
alpaca	Alpaca	Alpaca	Common	55FF55	70	0	false	eyJ0ZXh0dXJlcyI6eyJTS0lOIjp7InVybCI6Imh0dHA6Ly90ZXh0dXJlcy5taW5lY3JhZnQubmV0L3RleHR1cmUvZWI4YTgyNWI5M2UxZTdlM2ZmNGEzOGNlNGQzODhkMThmOGRjNzI0OTQyOTY5OTA0MTI2OTE2MWJjZjk4MjNlIn19fQ==	Carries your items.\n36 storage slots
capybara	Capybara	Capybara	Rare	5555FF	27	0	false	eyJ0ZXh0dXJlcyI6eyJTS0lOIjp7InVybCI6Imh0dHA6Ly90ZXh0dXJlcy5taW5lY3JhZnQubmV0L3RleHR1cmUvY2NiZjFkZWQyYWI0YzA0ZmFjYTQ0OWU1MzA5YWMyNDc0YjQ2YzEwNWNhZjUyYWNkYjY5ZmM0MzZiYjE1Y2I4YiJ9fX0=	Calms hostile mobs.\n-27% detection range
panda	Panda	Panda	Epic	FF55FF	20	0	false	eyJ0ZXh0dXJlcyI6eyJTS0lOIjp7InVybCI6Imh0dHA6Ly90ZXh0dXJlcy5taW5lY3JhZnQubmV0L3RleHR1cmUvZDhjZGQ0ZjI4NTYzMmMyNWQ3NjJlY2UyNWY0MTkzYjk2NmMyNjQxYjE1ZDliZGJjMGExMTMwMjNkZTc2YWIifX19	Extra saturation.\n+10% saturation
ender_dragon	Ender Dragon	Ender Dragon	Mythical	AA00AA	96	5	false	eyJ0ZXh0dXJlcyI6eyJTS0lOIjp7InVybCI6Imh0dHA6Ly90ZXh0dXJlcy5taW5lY3JhZnQubmV0L3RleHR1cmUvZmZjZGFlNTg2YjUyNDAzYjkyYjE4NTdlZTQzMzFiYWM2MzZhZjA4YmFiOTJiYTU3NTBhNTRhODMzMzFhNjM1MyJ9fX0=	Mount flight and dragon breath.\nFlight speed +40%
turtle	Turtle	Turtle	Rare	5555FF	9	0	false	eyJ0ZXh0dXJlcyI6eyJTS0lOIjp7InVybCI6Imh0dHA6Ly90ZXh0dXJlcy5taW5lY3JhZnQubmV0L3RleHR1cmUvZTU1YzkxN2Q5NjhkZDc3YWQyYmY3MWMzMWQxZjA3MDBhNGUzMDExMGEwZmRmMTI4ODZiOGM3ZDAzYTQzZWRlMCJ9fX0=	Damage resistance.\nResistance I
bee	Bee	Bee	Rare	5555FF	15	0	false	eyJ0ZXh0dXJlcyI6eyJTS0lOIjp7InVybCI6Imh0dHA6Ly90ZXh0dXJlcy5taW5lY3JhZnQubmV0L3RleHR1cmUvNDU5ODRmY2JjZTA3MDAwYmI4Y2ZjZGRkNzQ2NTMyN2I0YmMxMzQzY2E3NTVmZDg3ZjkxY2M4NWU0M2VmMjZjZiJ9fX0=	Faster crop growth.\n+7% growth chance
hamster	Hamster	Hamster	Common	55FF55	5	0	false	eyJ0ZXh0dXJlcyI6eyJTS0lOIjp7InVybCI6Imh0dHA6Ly90ZXh0dXJlcy5taW5lY3JhZnQubmV0L3RleHR1cmUvOTc3MGFhZDg5MjM3M2VjMjE5MzJkNTA4YTc5MDBmZWZjYmM1ZTFmZWJiOGE4YWIzZjRkNjQ4NTJkMjUyOTY4NSJ9fX0=	Hoards seeds.\n+2% seed drops
